-- MySQL dump 10.13  Distrib 8.0.34, for Win64 (x86_64)
--
-- Host: localhost    Database: dskp
-- ------------------------------------------------------
-- Server version	8.0.34

/*!40101 SET @OLD_CHARACTER_SET_CLIENT=@@CHARACTER_SET_CLIENT */;
/*!40101 SET @OLD_CHARACTER_SET_RESULTS=@@CHARACTER_SET_RESULTS */;
/*!40101 SET @OLD_COLLATION_CONNECTION=@@COLLATION_CONNECTION */;
/*!50503 SET NAMES utf8mb4 */;
/*!40103 SET @OLD_TIME_ZONE=@@TIME_ZONE */;
/*!40103 SET TIME_ZONE='+00:00' */;
/*!40014 SET @OLD_UNIQUE_CHECKS=@@UNIQUE_CHECKS, UNIQUE_CHECKS=0 */;
/*!40014 SET @OLD_FOREIGN_KEY_CHECKS=@@FOREIGN_KEY_CHECKS, FOREIGN_KEY_CHECKS=0 */;
/*!40101 SET @OLD_SQL_MODE=@@SQL_MODE, SQL_MODE='NO_AUTO_VALUE_ON_ZERO' */;
/*!40111 SET @OLD_SQL_NOTES=@@SQL_NOTES, SQL_NOTES=0 */;

--
-- Table structure for table `disposisi`
--

DROP TABLE IF EXISTS `disposisi`;
/*!40101 SET @saved_cs_client     = @@character_set_client */;
/*!50503 SET character_set_client = utf8mb4 */;
CREATE TABLE `disposisi` (
  `id` int NOT NULL AUTO_INCREMENT,
  `sid` int NOT NULL,
  `uid` int NOT NULL,
  `pesan` text NOT NULL,
  `created_at` datetime NOT NULL,
  `updated_at` datetime NOT NULL,
  PRIMARY KEY (`id`),
  KEY `disposisi_uid_foreign` (`uid`),
  KEY `disposisi_sid_foreign` (`sid`),
  CONSTRAINT `disposisi_sid_foreign` FOREIGN KEY (`sid`) REFERENCES `letters` (`id`) ON DELETE CASCADE ON UPDATE CASCADE,
  CONSTRAINT `disposisi_uid_foreign` FOREIGN KEY (`uid`) REFERENCES `users` (`id`) ON DELETE CASCADE ON UPDATE CASCADE
) ENGINE=InnoDB AUTO_INCREMENT=46 DEFAULT CHARSET=utf8mb3;
/*!40101 SET character_set_client = @saved_cs_client */;

--
-- Dumping data for table `disposisi`
--

LOCK TABLES `disposisi` WRITE;
/*!40000 ALTER TABLE `disposisi` DISABLE KEYS */;
INSERT INTO `disposisi` VALUES (6,80,2,'Ditindaklanjuti','2023-10-23 17:56:14','2023-10-23 17:56:14'),(7,80,6,'Ditindaklanjuti','2023-10-23 17:56:14','2023-10-23 17:56:14'),(8,80,34,'Ditindaklanjuti','2023-10-23 17:56:14','2023-10-23 17:56:14'),(9,47,1,'Ditindaklanjuti','2023-10-24 09:46:43','2023-10-24 09:46:43'),(10,47,2,'Ditindaklanjuti','2023-10-24 09:46:43','2023-10-24 09:46:43'),(11,47,3,'Ditindaklanjuti','2023-10-24 09:46:43','2023-10-24 09:46:43'),(12,47,4,'Ditindaklanjuti','2023-10-24 09:46:43','2023-10-24 09:46:43'),(13,47,5,'Ditindaklanjuti','2023-10-24 09:46:43','2023-10-24 09:46:43'),(14,47,6,'Ditindaklanjuti','2023-10-24 09:46:43','2023-10-24 09:46:43'),(15,47,7,'Ditindaklanjuti','2023-10-24 09:46:43','2023-10-24 09:46:43'),(16,47,8,'Ditindaklanjuti','2023-10-24 09:46:43','2023-10-24 09:46:43'),(17,47,9,'Ditindaklanjuti','2023-10-24 09:46:43','2023-10-24 09:46:43'),(18,47,10,'Ditindaklanjuti','2023-10-24 09:46:43','2023-10-24 09:46:43'),(19,47,11,'Ditindaklanjuti','2023-10-24 09:46:43','2023-10-24 09:46:43'),(20,47,12,'Ditindaklanjuti','2023-10-24 09:46:43','2023-10-24 09:46:43'),(21,47,13,'Ditindaklanjuti','2023-10-24 09:46:43','2023-10-24 09:46:43'),(22,47,14,'Ditindaklanjuti','2023-10-24 09:46:43','2023-10-24 09:46:43'),(23,47,15,'Ditindaklanjuti','2023-10-24 09:46:43','2023-10-24 09:46:43'),(24,47,16,'Ditindaklanjuti','2023-10-24 09:46:43','2023-10-24 09:46:43'),(25,47,17,'Ditindaklanjuti','2023-10-24 09:46:43','2023-10-24 09:46:43'),(26,47,18,'Ditindaklanjuti','2023-10-24 09:46:43','2023-10-24 09:46:43'),(27,47,19,'Ditindaklanjuti','2023-10-24 09:46:43','2023-10-24 09:46:43'),(28,47,20,'Ditindaklanjuti','2023-10-24 09:46:43','2023-10-24 09:46:43'),(29,47,21,'Ditindaklanjuti','2023-10-24 09:46:43','2023-10-24 09:46:43'),(30,47,22,'Ditindaklanjuti','2023-10-24 09:46:43','2023-10-24 09:46:43'),(31,47,23,'Ditindaklanjuti','2023-10-24 09:46:43','2023-10-24 09:46:43'),(32,47,24,'Ditindaklanjuti','2023-10-24 09:46:43','2023-10-24 09:46:43'),(33,47,25,'Ditindaklanjuti','2023-10-24 09:46:43','2023-10-24 09:46:43'),(34,47,26,'Ditindaklanjuti','2023-10-24 09:46:43','2023-10-24 09:46:43'),(35,47,27,'Ditindaklanjuti','2023-10-24 09:46:43','2023-10-24 09:46:43'),(36,47,28,'Ditindaklanjuti','2023-10-24 09:46:43','2023-10-24 09:46:43'),(37,47,29,'Ditindaklanjuti','2023-10-24 09:46:43','2023-10-24 09:46:43'),(38,47,30,'Ditindaklanjuti','2023-10-24 09:46:43','2023-10-24 09:46:43'),(39,47,31,'Ditindaklanjuti','2023-10-24 09:46:43','2023-10-24 09:46:43'),(40,47,32,'Ditindaklanjuti','2023-10-24 09:46:43','2023-10-24 09:46:43'),(41,47,33,'Ditindaklanjuti','2023-10-24 09:46:43','2023-10-24 09:46:43'),(42,47,34,'Ditindaklanjuti','2023-10-24 09:46:43','2023-10-24 09:46:43'),(43,47,35,'Ditindaklanjuti','2023-10-24 09:46:43','2023-10-24 09:46:43'),(44,47,36,'Ditindaklanjuti','2023-10-24 09:46:43','2023-10-24 09:46:43'),(45,80,3,'xxxx','2023-10-24 09:47:25','2023-10-24 09:47:25');
/*!40000 ALTER TABLE `disposisi` ENABLE KEYS */;
UNLOCK TABLES;

--
-- Table structure for table `letters`
--

DROP TABLE IF EXISTS `letters`;
/*!40101 SET @saved_cs_client     = @@character_set_client */;
/*!50503 SET character_set_client = utf8mb4 */;
CREATE TABLE `letters` (
  `id` int NOT NULL AUTO_INCREMENT,
  `no_surat` varchar(50) NOT NULL,
  `file` varchar(100) NOT NULL,
  `asal` varchar(255) NOT NULL,
  `tujuan` varchar(255) NOT NULL,
  `tanggal` date NOT NULL,
  `status` tinyint(1) NOT NULL,
  `created_at` datetime NOT NULL,
  `updated_at` datetime NOT NULL,
  `perihal` varchar(255) DEFAULT NULL,
  `lampiran` varchar(255) DEFAULT NULL,
  PRIMARY KEY (`id`),
  UNIQUE KEY `no_surat` (`no_surat`)
) ENGINE=InnoDB AUTO_INCREMENT=226 DEFAULT CHARSET=utf8mb3;
/*!40101 SET character_set_client = @saved_cs_client */;

--
-- Dumping data for table `letters`
--

LOCK TABLES `letters` WRITE;
/*!40000 ALTER TABLE `letters` DISABLE KEYS */;
INSERT INTO `letters` VALUES (45,'B-1207/02000/SS.500/10/2023','1697531833_894abaf22195d6c8c249.pdf','Sekretaris Utama Badan Pusat Statistik','','2023-10-17',3,'2023-10-17 15:37:13','2023-10-17 15:37:13','Permintaan Kesediaan Mengikuti Rapat Koordinasi Kabupaten/Kota ST2023',NULL),(47,'B-129/35510/PR.620/10/2023','1697600878_b407fd241490567fe583.pdf','Kepala BPS Provinsi Jawa Timur','','2023-10-16',5,'2023-10-17 00:00:00','0000-00-00 00:00:00','Pengisian Dashboard Administrasi ST2023',NULL),(48,'B-35515.016/BPS/9200/10/2023','1697601054_7e528a73b01d053a78b0.pdf','Kepala BPS Provinsi Jawa Timur','','2023-10-16',0,'2023-10-17 00:00:00','0000-00-00 00:00:00','Petunjuk Pelaksanaan Pengadaaan Perangkat TIK',NULL),(49,'B-221/35560/VS.570/10/2023','1697601418_4e6bf54a66022f307eb8.pdf','Kepala BPS Provinsi Jawa Timur','','2023-10-16',0,'2023-10-17 00:00:00','0000-00-00 00:00:00','Rilis Publikasi Survei Kebutuhan Data (SKD) Tahun 2023 Kabupaten/Kota',NULL),(50,'B-227/35520/VS.500/10/2023','1697601544_20c61a2b5ec384475720.pdf','Kepala BPS Provinsi Jawa Timur','','2023-10-16',0,'2023-10-17 00:00:00','0000-00-00 00:00:00','Undangan Workshop Pemanfaat Data Susenas',NULL),(51,'B-364/35513/KP.310/10/2023','1697602448_a8e7316aa03a3abcc9de.pdf','Kepala BPS Provinsi Jawa Timur','','2023-10-10',0,'2023-10-16 00:00:00','0000-00-00 00:00:00','Knowledge Sharing Pegawai Tugas Belajar',NULL),(52,'B-130/35510/TS.270/10/2023','1697602756_a11c67289014c76e1823.pdf','Kepala BPS Provinsi Jawa Timur','','2023-10-16',0,'2023-10-16 00:00:00','0000-00-00 00:00:00','Undangan Coffe Morning Change Management Bulan Oktober 2023',NULL),(53,'B-458/02700/HM.310/10/2023','1697602851_48fc4ae4f3ddc321fd8e.pdf','Direktur Politeknik Statistika STIS','','2023-10-16',0,'2023-10-16 00:00:00','0000-00-00 00:00:00','Tahapan Akhir Magang Mahasiswa',NULL),(54,'B-360/35513/KP.300/10/2023','1697604050_dee5bf6968300a9275ac.pdf','Kepala BPS Provinsi Jawa Timur','','2023-10-09',0,'2023-10-13 00:00:00','0000-00-00 00:00:00','Nominasi Kenaikan Jabatan dan Pengaktifan Kembali dalam Jabatan Fungsional',NULL),(55,'B-362/35513/KP.320/10/2023','1697604500_88e5983ad5c33ffde67b.pdf','Kepala BPS Provinsi Jawa Timur','','2023-10-10',0,'2023-10-13 00:00:00','0000-00-00 00:00:00','Pemberitahuan Uji Kompetensi Statistisi dan Pranata Komputer',NULL),(56,'B-224/35520/VS.600/10/2023','1697604580_acfe0dc8dc4c7bea0d16.pdf','Kepala BPS Provinsi Jawa Timur','','2023-10-13',0,'2023-10-13 00:00:00','0000-00-00 00:00:00','Penyerahan Data Regsosek',NULL),(57,'S-090/35511/PR.440/10/2023','1697605034_6979cbe48ed3ffd33a2d.pdf','Kepala BPS Provinsi Jawa Timur','','2023-10-11',0,'2023-10-12 00:00:00','0000-00-00 00:00:00','Revisi Anggaran dalam rangka Penyelesaian Relaksasi Non Belanja Pegawai Automatic Adjusment TA 2023',NULL),(58,'B-194/35540/VS.190/10/2023','1697609325_f4864c18bcfc42a32995.pdf','Kepala BPS Provinsi Jawa Timur','','2023-10-09',0,'2023-10-11 00:00:00','0000-00-00 00:00:00','Tindak Lanjut Evaluasi Survei Statistik Keuangan dan Direktori Pariwisata',NULL),(59,'B-125/35510/PW.100/10/2023','1697610009_d4193890736c40773326.pdf','Kepala BPS Provinsi Jawa Timur','','2023-10-11',0,'2023-10-11 00:00:00','0000-00-00 00:00:00','Monitoring dan Evaluasi SPI Online 2023',NULL),(60,'B-124/33510/KU.000/10/2023','1697610079_b08375d2675b81805c26.pdf','Kepala BPS Provinsi Jawa Timur','','2023-10-11',0,'2023-10-11 00:00:00','0000-00-00 00:00:00','Monitoring dan Evaluasi ST2023',NULL),(61,'B-216/35560/SS.025/10/2023','1697610275_b964fd1acfdcb59cec52.pdf','Kepala BPS Provinsi Jawa Timur','','2023-10-06',0,'2023-10-09 00:00:00','0000-00-00 00:00:00','Undangan Kegiatan Rekonsiliasi Batas Wilayah dan Klasifikasi Tutupan Lahan antar Kabupaten/Kota',NULL),(62,'B-152/35530-ST/SS.400/10/2023','1697610338_bf105267008c1d96d708.pdf','Kepala BPS Provinsi Jawa Timur','','2023-10-09',0,'2023-10-09 00:00:00','0000-00-00 00:00:00','Undangan Rapat Evaluasi Sensus Pertanian 2023',NULL),(63,'B-330/03000/PL.260/10/2023','1697610953_4d6413665ffe835d1740.pdf','Deputi Bidang Metodologi dan Informasi Statistik','','2023-10-09',0,'2023-10-09 00:00:00','0000-00-00 00:00:00','Monitoring dan Evaluasi Laporan Pemanfaatan Software Adobe CC 2023 - BPS Daerah',NULL),(64,'B-088/35511/PR.130/10/2023','1697611052_aa4a0f13759adc0374a1.pdf','Kepala BPS Provinsi Jawa Timur','','2023-10-04',0,'2023-10-09 00:00:00','0000-00-00 00:00:00','Permintaan Masukan untuk Penyusunan Renstra Teknokratik BPS Tahun 2025-2029',NULL),(65,'S-089/35511/PR.312/10/2023','1697616219_40b5f0d978b6cfdc7791.pdf','Kepala BPS Provinsi Jawa Timur','','2023-10-06',0,'2023-10-06 00:00:00','0000-00-00 00:00:00','Pencetakan Rencana Kerja dan Anggaran (RKA) Satker BPS TA 2024',NULL),(66,'B-357/35513/DL.250/10/2023','1697616467_3ad48bd74c861ad64215.pdf','Kepala BPS Provinsi Jawa Timur','','2023-10-04',0,'2023-10-05 00:00:00','0000-00-00 00:00:00','Pemberitahuan Survei Evaluasi Pasca Pelatihan',NULL),(67,'B-163/035500/PL.520/09/2023','1697616974_c0e0bf8eb0214d60b05a.pdf','Kepala BPS Provinsi Jawa Timur','','2023-10-03',0,'2023-10-04 00:00:00','0000-00-00 00:00:00','Penyimpanan Dokumen Arsip Regsosek dan ST2023',NULL),(69,'B-214/35560/SS.400/10/2023','1697617240_63f13c7ba9d3c5f02697.pdf','Kepala BPS Provinsi Jawa Timur','','2023-10-03',0,'2023-10-04 00:00:00','0000-00-00 00:00:00','Perpanjangan Waktu Upload Data Pengolahan Sensus Pertanian Tahun 2023',NULL),(70,'B-155/35550/TS.160/10/2023','1697617467_4cac66095b60126b30b7.pdf','Kepala BPS Provinsi Jawa Timur','','2023-10-04',0,'2023-10-04 00:00:00','0000-00-00 00:00:00','Penjelasan Tentang Persetujuan Surat Rekomendasi Hasil Evaluasi Penyelenggaraan Statistik Sektoral (EPSS) 2023',NULL),(71,'B-124/35530/VS.360/10/2023','1697617547_e53550db27bddc9fea63.pdf','Kepala BPS Provinsi Jawa Timur','','2023-10-03',0,'2023-10-04 00:00:00','0000-00-00 00:00:00','Kegiatan Survei Fungsi Statistik Produksi',NULL),(72,'B-150/35530-ST/SS.400/10/2023','1697617715_698fe885b898efd044b4.pdf','Kepala BPS Provinsi Jawa Timur','','2023-10-02',0,'2023-10-03 00:00:00','0000-00-00 00:00:00','Undangan Rapat Evaluasi Sensus Pertanian 2023',NULL),(73,'T-18579B/D.4/PP.08.02/09/2023','1697617919_db1393c55004c528aeac.pdf','Plt Deputi Bidang Kependudukan dan Ketenagakerjaan Kementrian Perencanaan Pembangunan Nasional/ Badan Perencanaan Pembangunan Nasional Republik Indonesia','','2023-09-29',0,'2023-10-03 00:00:00','0000-00-00 00:00:00','Sosialisasi Pemanfaatan Proyeksi Penduduk dalam Rangka Memperingati Hari Lanjut Usia Internasional : Peluang Pembangunan Lansia dalam Era Digital',NULL),(74,'B-123/35530/VS.330/09/202','1697618028_1e39b1b29aba471bd094.pdf','Kepala BPS Provinsi Jawa Timur','','2023-09-30',0,'2023-10-03 00:00:00','0000-00-00 00:00:00','Pengumpulan Data Survei Industri Besar dan Sedang',NULL),(75,'B-354/35513/VS.100/102023','1697618223_d29e3107abddd915c654.pdf','Kepala BPS Provinsi Jawa Timur','','2023-10-01',0,'2023-10-02 00:00:00','0000-00-00 00:00:00','Survei pemetaan Minat Pegawai untuk Menduduki Jabatan Manajerial (Administrator Pengawas)',NULL),(76,'B-183/35540/VS.220/09/2023','1697618326_06fb865f2a669fc3db45.pdf','Kepala BPS Provinsi Jawa Timur','','2023-09-29',0,'2023-10-02 00:00:00','0000-00-00 00:00:00','Refreshing Survei Harga Kemahalan Konstruksi (SHKK) 2023-2024 secara Daring',NULL),(77,'B-181/35540/VS.360/09/2023','1697618420_5ae10a0e1aede015f440.pdf','Kepala BPS Provinsi Jawa Timur','','2023-09-29',0,'2023-10-02 00:00:00','0000-00-00 00:00:00','Monitoring Kegiatan Survei Statistik Pariwisata dan Keuangan Tahun 2023',NULL),(78,'B-1142/02000/VS.300/10/2023','1697618552_03c25889268d73326036.pdf','Sekretaris Utama Badan Pusat Statistik ','','2023-10-02',0,'2023-10-02 00:00:00','0000-00-00 00:00:00','Pengambilan Data Penelitian mengenai Pengguna Sistem Aplikasi Keuangan Tingkat Instansi (SAKTI) di Badan Pusat Statistik',NULL),(79,'B-736/02410/HM.010/10/2023','1697618925_065d0a676a788637a203.pdf','Sekretaris Utama BPS ','','2023-10-01',0,'2023-10-01 00:00:00','0000-00-00 00:00:00','Peringatan Hari Batik Nasional 2 Oktober 2023',NULL),(80,'B-093/35511/PR.440/10/2023','1697676872_ac4a1cc81ea0e0caad19.pdf','Kepala BPS Provinsi Jawa Timur','','2023-10-18',5,'2023-10-18 00:00:00','0000-00-00 00:00:00','Evaluasi Penggunaan Aplikasi Back Office Selindo (BOS)',NULL),(81,'450/908/424.012/2023','1697770000_6d314163a48231ddde7f.pdf','Sekretaris Daerah','','2023-10-20',1,'2023-10-20 00:00:00','0000-00-00 00:00:00','Pemberitahuan',NULL),(82,'B-169/35520/VS.500/09/2023','1697781835_486ff9713801e69d8bee.pdf','Kepala BPS Provinsi Jawa Timur','','2023-09-04',0,'2023-09-04 00:00:00','0000-00-00 00:00:00','Informasi Pendukung Rilis Kemiskinan Kabupaten/Kota',NULL),(83,'B-168A/35520/VS.300/09/2023','1697781950_68b73e492600325dbe0e.pdf','Kepala BPS Provinsi Jawa Timur','','2023-09-01',0,'2023-09-04 00:00:00','0000-00-00 00:00:00','Penambahan Pertanyaan NIK dan Metode 2-1-2 Seruti Triwulanan III Tahun 2023',NULL),(84,'B-076/35511/SS.100/09/2023','1697782037_88004901cd0988734fba.pdf','Kepala BPS Provinsi Jawa Timur','','2023-09-04',0,'2023-09-04 00:00:00','0000-00-00 00:00:00','Rencana Kegiatan dan Pemanfaatan Anggaran Sensus Pertanian 2023(ST2023)',NULL),(85,'B-142/35530-ST/SS.300/09/2023','1697782097_053c7c98fca43a5a2105.pdf','Kepala BPS Provinsi Jawa Timur','','2023-09-04',0,'2023-09-04 00:00:00','0000-00-00 00:00:00','Undangan Rapat Evaluasi Sensus Pertanian 2023',NULL),(86,'B-159/35560/VS.025/09/2023','1697782193_125c6dd8bbbc669305f9.pdf','Kepala BPS Provinsi Jawa Timur','','2023-09-04',0,'2023-09-04 00:00:00','0000-00-00 00:00:00','Hasil Pemutakhiran Master Wilkerstat (MFD, MBS, MS) Periode 2023 Semester 1',NULL),(87,'B-519/9300/SS-400/09/2023','1697782379_9803275a875c4a334509.pdf','Direktur Statistik Tanaman Pangan, Hortikultura, dan Perkebunan/Ketua Harian Tim Pelaksana ST2023 Badan Pusat Statistik','','2023-09-06',0,'2023-09-06 00:00:00','0000-00-00 00:00:00','Bincang-Bincang AGRO ST2023 (7 September 2023)',NULL),(88,'B-341/3500/KP.300/09/2023','1697782667_c69009e78271efdd730a.pdf','Kepala BPS Provinsi Jawa Timur','','2023-09-08',0,'2023-09-08 00:00:00','0000-00-00 00:00:00','Pemenang Insan Statistik Teladan Tahap 2',NULL),(89,'B-144/35530-ST/SS.300/09/2023','1697782764_d215e584d782bbb12968.pdf','Kepala Bagian Umum BPS Provinsi Jawa Timur','','2023-10-11',0,'2023-10-11 00:00:00','0000-00-00 00:00:00','Undangan Rapat Evaluasi Sensus Pertanian 2023',NULL),(90,'B-117/35512/KU.920/09/2023','1697782950_7c1a8a6d514bd218f56c.pdf','Kepala BPS Provinsi Jawa Timur','','2023-09-11',0,'2023-09-12 00:00:00','0000-00-00 00:00:00','Evaluasi Kegiatan SPI Online 2023',NULL),(91,'B-136/35550/VS.510/09/2023','1697783168_c2a53e1f18a012167b0d.pdf','Kepala BPS Provinsi Jawa Timur','','2023-09-12',0,'2023-09-12 00:00:00','0000-00-00 00:00:00','Tindak Lanjut Kegiatan Rekonsiliasi Awal Disagregasi PMTB Wilayah Jabalnusra',NULL),(92,'B-189/35560/VS.400/09/2023','1697783259_c75b4b973b48168c8cf7.pdf','Kepala BPS Provinsi Jawa Timur','','2023-09-08',0,'2023-09-12 00:00:00','0000-00-00 00:00:00','Persiapan Matching PES ST2023',NULL),(93,'B-135/35550/KS.200/09/2023','1697783383_533fa28d603386540c0e.pdf','Kepala BPS Provinsi Jawa Timur','','2023-09-13',0,'2023-09-13 00:00:00','0000-00-00 00:00:00','Penyusunan PDRB Kabupaten/Kota Menurut Lapangan Usaha Triwulan II-2023',NULL),(94,'B-147/035512/KA.500/09/2023','1697783543_efa1abf8d36e9586211f.pdf','Kepala BPS Provinsi Jawa Timur','','2023-09-13',0,'2023-09-14 00:00:00','0000-00-00 00:00:00','Usulan Pemusnahan Dokumen Logistik SP2020',NULL),(95,'B-171/35540/VS.360/09/2023','1697783641_3c115da79fcc85f9eccf.pdf','Kepala BPS Provinsi Jawa Timur','','2023-09-14',0,'2023-09-14 00:00:00','0000-00-00 00:00:00','Monitoring Kegiatan Survei Statistik Pariwisata dan Keuangan Tahun 2023',NULL),(96,'B-344/35513/HM.010/09/2023','1697783778_2b6b0838184f79d5be40.pdf','Kepala Bagian Umum BPS Provinsi Jawa Timur','','2023-09-15',0,'2023-09-15 00:00:00','0000-00-00 00:00:00','INNOVATION AWARD Alumni Pelatihan',NULL),(97,'B-233/04000/HM.800/09/2023','1697783908_163b6d61988d294a1c1b.pdf','Deputi Bidang Statistik Sosial Badan Pusat Statistik','','2023-09-16',0,'2023-09-16 00:00:00','0000-00-00 00:00:00','Undangan Sosial Menyapa 2023 dan Kedeputian Bidang Statistik Sosial (KBSS) Awards 2022',NULL),(98,'B-137/35550/KS.000/09/2023','1697790672_d61f464f71af7ccff412.pdf','Kepala BPS Provinsi Jawa Timur','','2023-09-18',0,'2023-09-18 00:00:00','0000-00-00 00:00:00','Undangan sosialisasi hasil Pleno Nasional Evaluasi Penyelenggaraan Statistik Sektoral (EPSS) 2023',NULL),(99,'B-146/35530-ST/SS.300/09/2023','1697790744_673880a9bdbde9c3ddfd.pdf','Kepala BPS Provinsi Jawa Timur','','2023-09-18',0,'2023-09-18 00:00:00','0000-00-00 00:00:00','Undangan Rapat Evaluasi Sensus Pertanian 2023',NULL),(100,'B-1135/03300/IF.110/09/2023','1697790882_c562aeb99a6ede213eee.pdf','Plt. Direktur Sistem Informasi Statistik Badan Pusat Statistik','','2023-09-18',0,'2023-09-19 00:00:00','0000-00-00 00:00:00','Solusi Terkait Kendala Login Email',NULL),(101,'B-306/03000/KA.700/09/2023','1697791019_2313fc9d02eef5e6a383.pdf','Deputi Bidang Metodologi dan Informasi Statistik Badan Pusat Statistik','','2023-09-19',0,'2023-09-19 00:00:00','0000-00-00 00:00:00','Penerapan Pedoman Pembuatan Publikasi Edisi 2023',NULL),(102,'B-1092/02000/PL.020/09/2023','1697791180_c2279cc8e65591253bed.pdf','Sekretariat Utama Badan Pusat Statistik','','2023-09-18',2,'2023-09-20 00:00:00','0000-00-00 00:00:00','Petunjuk Penyusunan Rencana Kebutuhan Barang Milik Negara (RKBMN) BPS TA 2025',NULL),(103,'B-191/35520/SS.600/09/2023','1697791280_6492c2cc0739fa3ed04f.pdf','Kepala Bagian Umum BPS Provinsi Jawa Timur','','2023-09-20',0,'2023-09-20 00:00:00','0000-00-00 00:00:00','Penyajian Data Kependudukan dalam Statistik Daerah dan KCDA 2023',NULL),(104,'B-192/35520/VS.400/09/20233','1697791718_f2e8c1d1e5190cb0cfc0.pdf','Kepala Bagian Umum BPS Provinsi Jawa Timur','','2022-09-20',0,'2023-09-20 00:00:00','0000-00-00 00:00:00','Monitoring Pelaksanaan Seruti Triwulan 3 Tahun 2023',NULL),(105,'B-119/35510/TS.160/09/2023','1697791894_37b5cd28357b0c967dbb.pdf','Kepala BPS Provinsi Jawa Timur','','2023-09-21',0,'2023-09-21 00:00:00','0000-00-00 00:00:00','Briefing Penyusunan Surat Rekomendasi Evaluasi Penyelenggaraan Statistik Sektoral (EPSS) 2023',NULL),(106,'B-178/35540/KS.100/09/2023','1697792575_1a66bbfba01a941a7e0c.pdf','Kepala BPS Provinsi Jawa Timur','','2023-09-22',0,'2023-09-22 00:00:00','0000-00-00 00:00:00','Rekonsiliasi Data Harga September 2023',NULL),(107,'B-147/35530-ST/SS.450/09/2023','1697792690_6524e1311d0f07eb2fc6.pdf','Kepala BPS Provinsi Jawa Timur','','2023-09-22',0,'2023-09-23 00:00:00','0000-00-00 00:00:00','Rencana Kegiatan Verifikasi Data Hasil Pengolahan ST2023',NULL),(108,'B-194/35520/VS.190/09/2023','1697792817_7e0ed524598c32497c91.pdf','Kepala BPS Provinsi Jawa Timur','','2023-09-22',0,'2023-09-23 00:00:00','0000-00-00 00:00:00','Rapat Koordinasi Pemanfaatan Data Susenas',NULL),(109,'B-717/02410/HM.010/09/2023','1697793195_8da357b7fb37a04bed34.pdf','Sekretariat Utama Badan Pusat Statistik','','2023-09-22',0,'2023-09-24 00:00:00','0000-00-00 00:00:00','Pelaksanaan Apel Hari Statistik Nasional (HSN) Tahun 2023',NULL),(110,'S-082/35511/PR.440/09/2023','1697793300_ad7b32e78e358d9967d8.pdf','Kepala BPS Provinsi Jawa Timur','','2023-09-25',0,'2023-09-25 00:00:00','0000-00-00 00:00:00','Revisi Anggaran Antar Satker dalam 1 (satu) Wilayah Kanwil Ditjen Pembendaharaan',NULL),(111,'B-348/35513/KP.110/09/2023','1697793507_4c10178e2d80532c1b2a.pdf','Kepala BPS Provinsi Jawa Timur','','2023-09-22',0,'2023-09-26 00:00:00','0000-00-00 00:00:00','Pelaksanaan Seleksi PPPK Tenaga Teknis Badan Pusat Statistik Tahun 2023',NULL),(112,'B-723/02410/HM.010/09/2023','1697793613_3450ff78b4b01bc95032.pdf','Sekretariat Utama Badan Pusat Statistik','','2023-09-27',0,'2023-09-27 00:00:00','0000-00-00 00:00:00','Penyelenggaraan Upacara Peringatan Hari Kesaktian Pancasila 1 Oktober 2023',NULL),(113,'B-174/35540/VS.330/09/2023','1697793706_ec97d02426101e7c4900.pdf','Kepala BPS Provinsi Jawa Timur','','2023-09-20',0,'2023-09-27 00:00:00','0000-00-00 00:00:00','Pemberitahuan Survei Digital Wisnus dan Wisnas dan Pengiriman E-mail Blast SKU 2023',NULL),(114,'S-085/35511/PR.440/09/2023','1697793757_f38f46b337fcabb01719.pdf','Kepala BPS Provinsi Jawa Timur','','2023-09-27',0,'2023-09-27 00:00:00','0000-00-00 00:00:00','Revisi DIPA TA 2023',NULL),(115,'B-350/35513/KP.320/09/2023','1697793845_271e6bc9c20ad23b39c6.pdf','Kepala BPS Provinsi Jawa Timur','','2023-09-27',0,'2023-09-29 00:00:00','0000-00-00 00:00:00','Pengumuman Hasil Uji Kompetensi Statistisi dan Pranata Komputer',NULL),(116,'B-138/35550/KS.200/09/2023','1697793934_111974e36db61f6a04e6.pdf','Kepala BPS Provinsi Jawa Timur','','2023-09-29',0,'2023-09-29 00:00:00','0000-00-00 00:00:00','Rekonsiliasi Wilayah PDRB Kabupaten/Kota Menurut Lapangan Usaha Triwulan II-2023',NULL),(117,'B.078/35070/KA.110/09/2023','1697794064_b1209c9da08631b5b861.pdf','Kepala BPS Kabupaten Malang','','2023-09-27',0,'2023-09-29 00:00:00','0000-00-00 00:00:00','Undangan Rapat Koordinasi Verifikasi Data Hasil Pengolahan Sensus Pertanian 2023',NULL),(118,'B-129/35530-ST/SS.300/07/2023','1698022074_70e237c72d56aac9a544.pdf','Kepala BPS Provinsi Jawa Timur','','2023-07-31',0,'2023-08-01 00:00:00','0000-00-00 00:00:00','Undangan Rapat Sensus Pertanian 2023',NULL),(119,'B-143/35520/VS.210/07/2023','1698022208_584e2f6a31c294e05f27.pdf','Kepala BPS Provinsi Jawa Timur','','2023-07-28',0,'2023-08-01 00:00:00','0000-00-00 00:00:00','Penyampaian Hasil Pelatihan Inda Sakernas Agustus 2023',NULL),(120,'B-280/35513/PR.120/07/2023','1698022298_de89d30c280573444467.pdf','Kepala BPS Provinsi Jawa Timur','','2023-07-28',0,'2023-08-02 00:00:00','0000-00-00 00:00:00','Penyampaian Kepka Mitra Statistik BPS Tahun 2023',NULL),(121,'B-276/35513/KP.370/07/2023','1698022390_2b82f28d295eb02bb8ed.pdf','Kepala BPS Provinsi Jawa Timur','','2023-07-26',0,'2023-08-02 00:00:00','0000-00-00 00:00:00','Penghitungan Kekurangan Jam Kerja',NULL),(122,'B-278/35513/KP.330/07/2023','1698022446_5614d7702d01b329aeee.pdf','Kepala BPS Provinsi Jawa Timur','','2023-07-27',0,'2023-08-02 00:00:00','0000-00-00 00:00:00','SKP Tahun 2023',NULL),(123,'S-061/35511/PR.120/08/2023','1698022587_1f256418dc67a39f1508.pdf','Kepala BPS Provinsi Jawa Timur','','2023-08-03',0,'2023-08-03 00:00:00','0000-00-00 00:00:00','Pencetakan Rencana Kerja dan Anggaran (RKA) Satker BPS TA 2024',NULL),(124,'B-120/35560/SS.400/08/2023','1698022753_05b9b89a0bd2d5ab2302.pdf','Kepala BPS Provinsi Jawa Timur','','2023-08-04',0,'2023-08-04 00:00:00','0000-00-00 00:00:00','Pengolahan Data ST2023',NULL),(125,'B-131/35530-ST/SS.300/08/2023','1698022824_98f241e64409726b0af7.pdf','Kepala BPS Provinsi Jawa Timur','','2023-08-04',0,'2023-08-04 00:00:00','0000-00-00 00:00:00','Penyelesaian Pencacahan Lengkap ST2023',NULL),(126,'B-119/35560/VS.220/08/2023','1698023042_df4d5986dc74721e9688.pdf','Kepala BPS Provinsi Jawa Timur','','2023-08-03',0,'2023-08-04 00:00:00','0000-00-00 00:00:00','Undangan Pelatihan Online Petugas Ground Check SBR-QIS 2023',NULL),(127,'B-288/35513/PW.100/08/2023','1698023156_792080aba13557907bb1.pdf','Kepala BPS Provinsi Jawa Timur','','2023-08-02',0,'2023-08-04 00:00:00','0000-00-00 00:00:00','Pelaksanaan Survei Penilaian Integritas Tahun 2023',NULL),(128,'B-119/35540/VS.220/08/2023','1698023408_31c4193f0e0ae09db238.pdf','Kepala BPS Provinsi Jawa Timur','','2023-08-02',0,'2023-08-04 00:00:00','0000-00-00 00:00:00','Pemanggilan Peserta Pelatihan Petugas SKU 2023',NULL),(129,'B-290/35513/KP.310/08/2023','1698023687_e5dbd27dbab313593fc8.pdf','Kepala BPS Provinsi Jawa Timur','','2023-08-04',0,'2023-08-05 00:00:00','0000-00-00 00:00:00','Pemberian Izin Pengajuan Mengikuti Seleksi Beasiswa',NULL),(130,'B-251/03000/HM.700/08/2023','1698023794_8af451b02809c21f52a7.pdf','Deputi Bidang Metodologi dan Informasi Statistik Badan Pusat Statistik','','2023-08-04',0,'2023-08-06 00:00:00','0000-00-00 00:00:00','Pencantuman Logo HUT ke-78 Kemerdekaan RI pada publikasi BPS',NULL),(131,'B-013/35563/PK.100/08/2023','1698024649_c3c0f3b564d3291ccbc5.pdf','Kepala BPS Provinsi Jawa Timur','','2023-08-04',0,'2023-08-07 00:00:00','0000-00-00 00:00:00','Pengelolaan ISBN, Penyerahan Karya Cetak dan Karya Rekam (KCKR) Tahun 2023, serta Pemeriksaan Naskah Siap Rilis',NULL),(132,'B-146/35520/VS.100/08/2023','1698024745_f05595b87586ffefcca5.pdf','Kepala BPS Provinsi Jawa Timur','','2023-08-04',0,'2023-08-07 00:00:00','0000-00-00 00:00:00','Kegiatan Survei Ekonomi Rumah Tangga (Seruti) Triwulan III dan IV Tahun 2023',NULL),(133,'B-132/35530-ST/SS.300/08/2023','1698024801_79cbde76cba14d81bea5.pdf','Kepala BPS Provinsi Jawa Timur','','2023-08-07',0,'2023-08-07 00:00:00','0000-00-00 00:00:00','Undangan Rapat Evaluasi Sensus Pertanian 2023',NULL),(134,'B-147/35520/VS.330/08/2023','1698026024_2390ddb2ab5cdb4e897a.pdf','Kepala BPS Provinsi Jawa Timur','','2023-08-07',0,'2023-08-07 00:00:00','0000-00-00 00:00:00','Pelaksanaan Peningkatan Kualitas Data Metode 2-1-2 Sakernas Agustus 2023',NULL),(135,'B-148/35520/VS.300/08/2023','1698026380_49c282e0de14636807be.pdf','Kepala BPS Provinsi Jawa Timur','','2023-07-07',0,'2023-08-08 00:00:00','0000-00-00 00:00:00','Mekanisme Pelaksanaan SPAK2023',NULL),(136,'B-295/35513/TS.200/08/2023','1698026478_3ef7f4364d577af7b75b.pdf','Kepala BPS Provinsi Jawa Timur','','2023-08-07',0,'2023-08-08 00:00:00','0000-00-00 00:00:00','Pemberitahuan Pelaksanaan Magang Mahasiswa Polstat STIS',NULL),(141,'B-150/35520/VS.330/08/2023','1698028588_df1a4345840f4099ef43.pdf','Kepala BPS Provinsi Jawa Timur','','2023-08-09',0,'2023-08-09 00:00:00','0000-00-00 00:00:00','Pemanggilan Peserta Pelatihan Calon Pembina Desa Cantik Tahun 2023',NULL),(142,'B-119/35550/VS.600/08/2023','1698028642_295a89e31a16bc864939.pdf','Kepala BPS Provinsi Jawa Timur','','2023-08-09',0,'2023-08-09 00:00:00','0000-00-00 00:00:00','Undangan Workshop Rekonsiliasi Awal Disagregasi PMTB 2023',NULL),(143,'B-127/03500/PL.520/08/2023','1698028807_1a5c117bfd1948457baa.pdf','Kepala BPS Provinsi Jawa Timur','','2023-08-09',0,'2023-08-09 00:00:00','0000-00-00 00:00:00','Pengelolaan Dokumen Hasil Pendataan ST2023',NULL),(144,'B-118/35550/KS.000/08/2023','1698028871_90aa6622dda4f81d9ee2.pdf','Kepala BPS Provinsi Jawa Timur','','2023-08-09',0,'2023-08-09 00:00:00','0000-00-00 00:00:00','Pemberitahuan Penilaian TPB dan TPK Bagi Pemerintah Daerah Evaluasi Penyelenggaraan Statistik Sektoral (EPSS) Tahun 2023',NULL),(145,'B-122/35560/SS.400/08/2023','1698028988_5a2043c418b01e663120.pdf','Kepala BPS Provinsi Jawa Timur','','2023-08-09',0,'2023-08-10 00:00:00','0000-00-00 00:00:00','Monitoring Pengolahan Data ST2023',NULL),(146,'B-908/03300/IF.110/08/2023','1698029092_208bf53901ea506b418c.pdf','Plt Direktur Sistem Informasi Statistik Badan Pusat Statistik','','2023-08-09',0,'2023-08-10 00:00:00','0000-00-00 00:00:00','Permintaan Referensi Kebutuhan Internet Kantor BPS',NULL),(147,'470/185/35.14.2018/2023','1698029277_6cac3b10814dbe16d071.pdf','Kepala Desa Sekarputih Kecamatan Gondangwetan','','2023-08-10',0,'2023-08-10 00:00:00','0000-00-00 00:00:00','Permohonan Permintaan Peta Demografi',NULL),(148,'B-129/35540/VS.190/08/2023','1698030065_633f1fa4748be94ce290.pdf','Kepala BPS Provinsi Jawa Timur','','2023-08-10',0,'2023-08-11 00:00:00','0000-00-00 00:00:00','Pelaksanaan Uji Coba Survei Pergudangan Ekspedisi, dan Kurir Tahun 2023',NULL),(149,'B-123/35560/VS.300/08/2023','1698030144_15eba8231e4589feb8dc.pdf','Kepala BPS Provinsi Jawa Timur','','2023-08-10',0,'2023-08-11 00:00:00','0000-00-00 00:00:00','Anggaran Pelaksanaan Groundcheck Data SBR-QIS 2023',NULL),(150,'B-067/35511/PR.630/08/2023','1698030221_3d96bdb8916b19e3a90a.pdf','Kepala BPS Provinsi Jawa Timur','','2023-08-11',0,'2023-08-11 00:00:00','0000-00-00 00:00:00','Pemutakhiran Dokumen SAKIP di Aplikasi E-SAKIP Reviu',NULL),(151,'B-130/35540/VS.360/08/2023','1698030313_8a2e90e0d491c9b91a80.pdf','Kepala BPS Provinsi Jawa Timur','','2023-08-10',0,'2023-08-11 00:00:00','0000-00-00 00:00:00','Monitoring Kegiatan Survei Statistik Pariwisata dan Keuangan Tahun 2023',NULL),(152,'B-099/35530/KS.100/08/2023','1698030382_f4e3326cb3cf3a0f3a26.pdf','Kepala BPS Provinsi Jawa Timur','','2023-08-10',0,'2023-08-11 00:00:00','0000-00-00 00:00:00','Persiapan Sinkronisasi Data Statistik Tanaman Pangan 2023',NULL),(153,'B-305/35513/KP.100/08/2023','1698031160_960f5e589bb5f0972fc2.pdf','Kepala BPS Provinsi Jawa Timur','','2023-08-11',0,'2023-08-11 00:00:00','0000-00-00 00:00:00','Pengukuran Tingkat Implementasi Kebijakan Pengelolaan Kinerja',NULL),(154,'B-969/02000/HM.020/08/2023','1698031314_115b7c3bd1beb03981e1.pdf','Sekretaris Utama Badan Pusat Statistik','','2023-08-11',0,'2023-08-12 00:00:00','0000-00-00 00:00:00','Undangan Rapat',NULL),(155,'B-136/35530-ST/SS.300/08/2023','1698031407_92036083bae90555f01b.pdf','Kepala BPS Provinsi Jawa Timur','','2023-08-14',0,'2023-08-14 00:00:00','0000-00-00 00:00:00','Undangan Rapat Evaluasi Sensus Pertanian 2023',NULL),(156,'B-307/35513/KP.380/08/2023','1698031477_6cf5a65945e96faa322e.pdf','Kepala BPS Provinsi Jawa Timur','','2023-08-11',0,'2023-08-14 00:00:00','0000-00-00 00:00:00','Cuti Tahunan di Tanggal 16-18 Agustus 2023',NULL),(157,'B-638/04300/VS.220/08/2023','1698031562_9ccdeed32ce9a28b85f1.pdf','Deputi Bidang Statistik Sosial Badan Pusat Statistik','','2023-08-11',0,'2023-08-14 00:00:00','0000-00-00 00:00:00','Internalisasi Kegiatan Desa Cantik 2023',NULL),(158,'B-306/35513/KP.300/08/2023','1698031644_d0857721c88f150f1426.pdf','Kepala BPS Provinsi Jawa Timur','','2023-08-11',0,'2023-08-14 00:00:00','0000-00-00 00:00:00','Pemilihan Insan Statistik Teladan Tahun 2023',NULL),(159,'B-310/35513/TS.200/08/2023','1698031717_ae771d040230bcdc61e3.pdf','Kepala BPS Provinsi Jawa Timur','','2023-08-14',0,'2023-08-14 00:00:00','0000-00-00 00:00:00','Undangan Rapat Pelaksanaan Magang Mahasiswa Polstat STIS',NULL),(160,'B-158/35520/VS.220/08/2023','1698031959_081b47798f2d4f77656e.pdf','Kepala BPS Provinsi Jawa Timur','','2023-08-14',0,'2023-08-15 00:00:00','0000-00-00 00:00:00','Undangan Internalisasi Kegiatan Desa Cantik tahun 2023',NULL),(161,'B-100/35530/VS.220/08/2023','1698032021_e94dd71402449254d9e5.pdf','Kepala BPS Provinsi Jawa Timur','','2023-08-14',0,'2023-08-15 00:00:00','0000-00-00 00:00:00','Pelaksanaan Pelatihan Petugas VKOMSTRAT 2023',NULL),(162,'B-979/02000/PW.110/08/2023','1698032116_5b4ab000d117cab625ae.pdf','Sekretaris Utama Badan Pusat Statistik','','2023-08-14',0,'2023-08-15 00:00:00','0000-00-00 00:00:00','Persiapan Evaluasi Zona Integritas Tahun 2023',NULL),(163,'B-101/35510/PW.110/08/2023','1698032317_000aa3c6e6e292988a13.pdf','Kepala BPS Provinsi Jawa Timur','','2023-08-16',0,'2023-08-16 00:00:00','0000-00-00 00:00:00','Persiapan Evaluasi Zona Integritas Tahun 2023',NULL),(164,'B-316/35513/KP.300/08/2023','1698032381_2ac5d5a92817a9b5818d.pdf','Kepala BPS Provinsi Jawa Timur','','2023-08-16',0,'2023-08-16 00:00:00','0000-00-00 00:00:00','Insan Statistik Teladan Tahap II',NULL),(165,'B-106/35510/PW.110/08/2023','1698032482_8d00891f830a85dfb66d.pdf','Kepala BPS Provinsi Jawa Timur','','2023-08-18',0,'2023-08-18 00:00:00','0000-00-00 00:00:00','Validasi Zona Integritas Tahun 2023',NULL),(166,'B-159/35520/VS.400/08/2023','1698032551_2daf8d08b01041672385.pdf','Kepala BPS Provinsi Jawa Timur','','2023-08-16',0,'2023-08-18 00:00:00','0000-00-00 00:00:00','Instruksi Penghapusan Data Regsosek di Daerah',NULL),(167,'B-986/02000/PW.110/08/2023','1698032616_c099e3296b70b7e09ce5.pdf','Sekretaris Utama Badan Pusat Statistik','','2023-08-16',0,'2023-08-18 00:00:00','0000-00-00 00:00:00','Validasi SHPZI 2023',NULL),(168,'B-360/02700/HM.310/08/2023','1698032783_f424db0088236ff74764.pdf','Direktur Politeknik Statistika STIS','','2023-08-18',0,'2023-08-19 00:00:00','0000-00-00 00:00:00','Pengantar Magang',NULL),(169,'B-162/35520/VS.360/08/2023','1698033033_542b366fe6578efc3ba3.pdf','Kepala BPS Provinsi Jawa Timur','','2023-08-21',0,'2023-08-21 00:00:00','0000-00-00 00:00:00','Pengisian Quality Gates dan Pengumpulan Informasi Pendukung Ketenagakerjaan Sakernas Agustus 2023',NULL),(170,'B-104/35530/VS.190/08/2023','1698034990_885a14281bcbdf797d38.pdf','Kepala BPS Provinsi Jawa Timur','','2023-08-18',0,'2023-08-21 00:00:00','0000-00-00 00:00:00','Konsolidasi Kegiatan Direktorat Statistik Industri 2023',NULL),(171,'B-1524/03200/DL.230/08/2023','1698035371_9ae40a8013b4c68fdb5d.pdf','Direktur Diseminasi Statistik Badan Pusat Statistik','','2023-08-21',0,'2023-08-21 00:00:00','0000-00-00 00:00:00','Undangan Sosialisasi Penerapan Pedoman Pembuatan Publikasi BPS 2023',NULL),(172,'B-106/35530/VS.220/08/2023','1698035564_38ada539e2ca2b28f3b4.pdf','Kepala BPS Provinsi Jawa Timur','','2023-08-18',0,'2023-08-21 00:00:00','0000-00-00 00:00:00','Pemanggilan Peserta Pelatihan Petugas VKOMSTRAT 2023',NULL),(173,'B-140/35530-ST/SS.300/08/2023','1698035801_b8344e4a50805360a49a.pdf','Kepala BPS Provinsi Jawa Timur','','2023-08-21',0,'2023-08-21 00:00:00','0000-00-00 00:00:00','Undangan Rapat Evaluasi Sensus Pertanian 2023',NULL),(174,'B-1510-0/03200/TS.270/08/2023','1698036311_1ab8396a481441571b25.pdf','Deputi Bidang Metodologi dan Informasi Statistik Badan Pusat Statistik','','2023-08-18',0,'2023-08-21 00:00:00','0000-00-00 00:00:00','Internalisasi Pojok Statistik',NULL),(175,'B-320/35513/KP.300/08/2023','1698036377_de7fdb215f147e4b6d29.pdf','Kepala BPS Provinsi Jawa Timur','','2023-08-21',0,'2023-08-21 00:00:00','0000-00-00 00:00:00','Aktivasi LHKPN tahun 2023',NULL),(176,'B-134/35560/SS.160/08/2023','1698036515_20da6eb7b560dcc69ac8.pdf','Kepala BPS Provinsi Jawa Timur','','2023-08-21',0,'2023-08-22 00:00:00','0000-00-00 00:00:00','PIC dan Pemeriksaan Hasil Pengolahan Peta, Titik Bangunan hasil ST2023 dan Tutupan Lahan',NULL),(177,'B-107/35510/KS.000/08/2023','1698036587_54994e162023f8884761.pdf','Kepala BPS Provinsi Jawa Timur','','2023-08-22',0,'2023-08-23 00:00:00','0000-00-00 00:00:00','Undangan Pleno Provinsi EPSS 2023 Jawa Timur',NULL),(178,'B-165/35520/SS.190/08/2023','1698036664_dc48492f843bb2233567.pdf','Kepala BPS Provinsi Jawa Timur','','2023-08-24',0,'2023-08-24 00:00:00','0000-00-00 00:00:00','Mekanisme Penghapusan Data Regsosek',NULL),(179,'B-822/04100/VS.600/08/2023','1698036754_6c4a8736a6b029be06b0.pdf','Deputi Bidang Statistik Sosial Badan Pusat Statistik','','2023-08-22',0,'2023-08-24 00:00:00','0000-00-00 00:00:00','Penggunaan Dynamic Weighting pada Web Monitoring Sakernas Agustus 2023',NULL),(180,'B-150/35540/KS.100/08/2023','1698037064_f85da6201061440a4893.pdf','Kepala BPS Provinsi Jawa Timur','','2023-08-24',0,'2023-08-27 00:00:00','0000-00-00 00:00:00','Rekonsiliasi Data Harga Agustus 2023',NULL),(181,'B-35515.006/BPS/9200/08/2023','1698037174_511da363d58385034ea1.pdf','Kepala BPS Provinsi Jawa Timur','','2023-08-28',0,'2023-08-28 00:00:00','0000-00-00 00:00:00','Optimalisasi Capaian PDN dan UMK-K Badan Pusat Statistik Tahun 2023',NULL),(182,'B-141B35530-ST/SS.300/08/2023','1698037241_7101047b3d2cfaa795ab.pdf','Kepala BPS Provinsi Jawa Timur','','2023-08-28',0,'2023-08-28 00:00:00','0000-00-00 00:00:00','Undangan Rapat Evaluasi Sensus Pertanian 2023',NULL),(183,'B-326/35513/KP.310/08/2023','1698037324_a9406d6b0a3742db5251.pdf','Kepala BPS Provinsi Jawa Timur','','2023-08-24',0,'2023-08-28 00:00:00','0000-00-00 00:00:00','Registrasi Semester I  Tahun 2023/2024 TB S-1 Universitas Terbuka APBN BPS',NULL),(184,'B-332/35513/KP.500/08/2023','1698037406_1de1c366615c82d85524.pdf','Kepala BPS Provinsi Jawa Timur','','2023-08-28',0,'2023-08-28 00:00:00','0000-00-00 00:00:00','Undangan Menghadiri Pelantikan Pejabat Administrator dan Pengawas di Lingkungan BPS Provinsi Jawa Timur',NULL),(185,'B-16581/Dt.4.1/DL.03.02/08/2023','1698037644_119cdf417174a461fdaf.pdf','Direktur Kependudukan dan Jaminan Sosial selaku Kepala Sekretariat Nasional Stranas AKPSH Kementerian Perencanaan Pembangunan Nasional','','2023-08-23',0,'2023-08-29 00:00:00','0000-00-00 00:00:00','Bimbingan Teknis Pengolahan Data untuk Memproduksi Statistik Hayati (Khusus Kelahiran dan Kematian)',NULL),(186,'521/1067/424.091/2023','1698037882_963ee9d4dd12aaebb358.pdf','Kepala Dinas Ketahanan Pangan dan Pertanian','','2023-08-25',0,'2023-08-29 00:00:00','0000-00-00 00:00:00','Permintaan Tim Teknis Penyusunan FSVA Thn. 2023',NULL),(187,'B-142/035500/PL.520/08/2023','1698038012_eb367c21764951b9acd2.pdf','Kepala BPS Provinsi Jawa Timur','','2023-08-30',0,'2023-08-30 00:00:00','0000-00-00 00:00:00','Update Data BMN Untuk Persiapan RKBMN TA 2025',NULL),(188,'B-502/9300/SS.300/08/2023','1698038104_6332dc6b514aa56d73d8.pdf','Direktur Statistik Tanaman Pangan, Hortikultura, dan Perkebunan/Ketua Harian Tim Pelaksana ST2023 Badan Pusat Statistik','','2023-08-29',0,'2023-08-30 00:00:00','0000-00-00 00:00:00','Bincang-Bincang AGRO ST2023',NULL),(189,'B-157/35560/VS.300/08/2023','1698038385_db240c73e051f1b06076.pdf','Kepala BPS Provinsi Jawa Timur','','2023-08-30',0,'2023-08-30 00:00:00','0000-00-00 00:00:00','Evaluasi Pelaksanaan Lapangan Groundcheck SBR-QIS 2023 Jawa Timur',NULL),(190,'B-110/35530/VS.300/08/2023','1698038656_6b51b612c8d0ea5d1b82.pdf','Kepala BPS Provinsi Jawa Timur','','2023-08-30',0,'2023-08-31 00:00:00','0000-00-00 00:00:00','Pelaksanaan Kegiatan VKOMSTRAT 2023',NULL),(191,'B-132/35550/VS.360/08/2023','1698038760_77d18ee74b510fa44e0e.pdf','Kepala BPS Provinsi Jawa Timur','','2023-08-31',0,'2023-08-31 00:00:00','0000-00-00 00:00:00','Monitoring Survei Nerwilis 2023',NULL),(192,'B-107/35530-ST/SS.300/07/2023','1698039941_affdefcb5434ddf9f265.pdf','Kepala BPS Provinsi Jawa Timur','','2023-07-03',0,'2023-07-03 00:00:00','0000-00-00 00:00:00','Pencacahan Lengkap Sensus Pertanian 2023 Bulan Juli 2023',NULL),(193,'B-108/35530-ST/SS.300/07/2023','1698040003_08c510cbd4c286370f8a.pdf','Kepala BPS Provinsi Jawa Timur','','2023-07-03',0,'2023-07-03 00:00:00','0000-00-00 00:00:00','Undangan Rapat Evaluasi Sensus Pertanian 2023',NULL),(194,'B-088/35560/KS.000/07/2023','1698040202_734e676a71adad3cd14b.pdf','Kepala BPS Provinsi Jawa Timur','','2023-07-04',0,'2023-07-05 00:00:00','0000-00-00 00:00:00','Tindak Lanjut Kegiatan Internalisasi Aplikasi Romantik Online 2.0',NULL),(195,'B-111L/35550/KS.200/07/2023','1698040299_4e4bbd93ae57e900e8a0.pdf','Kepala BPS Provinsi Jawa Timur','','2023-07-05',0,'2023-07-05 00:00:00','0000-00-00 00:00:00','Rekonsiliasi PDRB Kabupaten/Kota Triwulan I/2023 dan Persiapan Penghitungan PDRB Triwulan II/2023',NULL),(197,'S-087/35511/PR.420/10/2023','1698109446_13a20b72a49ba19be476.pdf','Kepala BPS Provinsi Jawa Timur','','2023-10-03',0,'2023-10-03 00:00:00','0000-00-00 00:00:00','Penyusunan Pagu Alokasi BPS TA 2024',NULL),(198,'B-086/35511/PR.640/10/2023','1698109530_774698c1f818561cb87f.pdf','Kepala BPS Provinsi Jawa Timur','','2023-10-02',0,'2023-10-03 00:00:00','0000-00-00 00:00:00','Pelaporan Capaian Kinerja Triwulan III Tahun 2023 BPS Kabupaten/Kota',NULL),(202,'B-359/35513/KP.100/10/2023','1698110593_b754fe4e3c36c3120494.pdf','Kepala BPS Provinsi Jawa Timur','','2023-10-05',0,'2023-10-10 00:00:00','0000-00-00 00:00:00','Survei Budaya Kerja ASN',NULL),(203,'B-218/35520/VS.510/10/2023','1698110652_cbe8544a3d3b10a4ab19.pdf','Kepala BPS Provinsi Jawa Timur','','2023-10-10',0,'2023-10-10 00:00:00','0000-00-00 00:00:00','Hasil Penghitungan Kemiskinan Kabupaten/Kota Tahun 2023',NULL),(204,'B-206/35540/VS.330/10/2023','1698110718_65a45dcfea729f3b18cb.pdf','Kepala BPS Provinsi Jawa Timur','','2023-10-12',0,'2023-10-13 00:00:00','0000-00-00 00:00:00','Survei Harga Kemahalan Konstruksi Triwulan IV tahun 2023',NULL),(205,'B-126/35510/KU.500/10/2023','1698110891_615c83a190478660356c.pdf','Kepala BPS Provinsi Jawa Timur','','2023-10-12',0,'2023-10-12 00:00:00','0000-00-00 00:00:00','Penyusunan dan Penyampaian Laporan Keuangan pada Badan Pusat Statistik Triwulan III TA 2023 ',NULL),(206,'450/875/424.012/2023','1698111108_7e1f839ced206dcce210.pdf','Sekretariat Daerah','','2023-10-16',0,'2023-10-17 00:00:00','0000-00-00 00:00:00','Pemberitahuan Pengajian Rutin dan Khotmil Quran',NULL),(207,'B-080/35511/PR.130/09/2023','1698111391_27c7b41ed5cdeb605701.pdf','Kepala BPS Provinsi Jawa Timur','','2023-09-13',0,'2023-09-13 00:00:00','0000-00-00 00:00:00','Penyampaian Perka BPS Nomor 70 Tahun 2023',NULL),(208,'B-151/035512/PL.810/09/2023','1698111594_d910c4ffbac289689217.pdf','Kepala Bagian Umum BPS Provinsi Jawa Timur','','2023-09-20',0,'2023-09-21 00:00:00','0000-00-00 00:00:00','Persetujuan Pemusnahan Persediaan Rusak/Usang pada Satker BPS Kabupaten/Kota di Wilayah Provinsi Jawa Timur',NULL),(209,'B-1162/02500/PL.810/09/2023','1698111767_9eb39d52724064ea62cf.pdf','Sekretaris Utama Badan Pusat Statistik','','2023-09-12',0,'2023-09-21 00:00:00','0000-00-00 00:00:00','Persetujuan Pemusnahan Persediaan Rusak/Usang pada Badan Pusat Statistik (BPS) Satker Kabupaten/Kota di Wilayah Provinsi Jawa Timur',NULL),(210,'B-111/35512/KU.920/08/2023','1698111918_9fff18e3c69a289d17a0.pdf','Kepala BPS Provinsi Jawa Timur','','2023-08-11',0,'2023-08-11 00:00:00','0000-00-00 00:00:00','Evaluasi Kegiatan SPI Online 2023',NULL),(211,'S-068/35511/PR.312/08/2023','1698112088_67a1a73747ddf005cbd1.pdf','Kepala BPS Provinsi Jawa Timur','','2023-08-14',0,'2023-08-14 00:00:00','0000-00-00 00:00:00','Permintaan Jumlah Petugas Sensus/Survei TA 2024',NULL),(212,'S-069/35511/PR.400/08/2023','1698112746_85899e7f8b5f2689fbb6.pdf','Kepala BPS Provinsi Jawa Timur','','2023-08-15',0,'2023-08-16 00:00:00','0000-00-00 00:00:00','Permintaan Laporan Sisa Anggaran ST2023',NULL),(213,'B-319/35513/HM.310/08/2023','1698112970_c7ffc75a80f95096ebef.pdf','Kepala BPS Provinsi Jawa Timur','','2023-08-21',0,'2023-08-21 00:00:00','0000-00-00 00:00:00','Pengantar Magang Mahasiswa Polstat STIS',NULL),(214,'B-113/35512/KU.520/08/2023','1698113458_4af70fbb63ddc08bdcf0.pdf','Kepala BPS Provinsi Jawa Timur','','2023-08-21',0,'2023-08-22 00:00:00','0000-00-00 00:00:00','Pedoman Administrasi Keuangan Kegiatan Sensus/Survei',NULL),(215,'B-329/35513/KP.330/08/2023','1698113613_93687a29b7095ff0caf1.pdf','Kepala BPS Provinsi Jawa Timur','','2023-08-25',0,'2023-08-25 00:00:00','0000-00-00 00:00:00','Penyelesaian SKP 2022',NULL),(216,'B-075/35511/PR.120/08/2023','1698113779_da0e518093a899f8e31b.pdf','Kepala BPS Provinsi Jawa Timur','','2023-08-29',0,'2023-08-30 00:00:00','0000-00-00 00:00:00','Usulan Penambahan Mitra Statistik BPS Tahun 2023',NULL),(217,'B-118/35520/VS.200/07/2023','1698113954_d386ce4225bbd05df5de.pdf','Kepala BPS Provinsi Jawa Timur','','2023-07-03',0,'2023-07-03 00:00:00','0000-00-00 00:00:00','Persiapan Pelatihan Sakernas Agustus 2023',NULL),(218,'B-117/35520/VS.100/07/2023','1698114030_28e0be79acc4d7b14a9b.pdf','Kepala BPS Provinsi Jawa Timur','','2023-07-03',0,'2023-07-03 00:00:00','0000-00-00 00:00:00','Pengiriman Daftar Sampel Blok Sensus Sakernas Agustus 2023',NULL),(219,'B-908/03200/PL.260/04/2023','1698114290_fe055b5ccf2932a221d2.pdf','Direktur Diseminasi Statistik Badan Pusat Statistik','','2023-04-28',0,'2023-07-04 00:00:00','0000-00-00 00:00:00','Panduan Instalasi dan Mekanisme Pelaporan Pemanfaatan Software Adobe CC Tahun Pengadaan 2023',NULL),(220,'B-1271B03200/PL.260/07/2023','1698114381_b01e0ef51072bd571bb7.pdf','Direktur Diseminasi Statistik Badan Pusat Statistik','','2023-07-04',0,'2023-07-04 00:00:00','0000-00-00 00:00:00','Monitoring Penerimaan BAST Software Adobe CC tahun 2023',NULL),(221,'B-084/35530/HM.030/07/2023','1698114654_74962d542696f466e198.pdf','Kepala BPS Provinsi Jawa Timur','','2023-07-05',0,'2023-07-05 00:00:00','0000-00-00 00:00:00','Permohonan Kunjungan Liputan Publisitas ST2023 sektor peternakan',NULL),(222,'B-085/35530/HM.030/07/2023','1698114719_f9e2863b864993499960.pdf','Kepala BPS Provinsi Jawa Timur','','2023-07-05',0,'2023-07-05 00:00:00','0000-00-00 00:00:00','Permohonan Kunjungan Liputan Publisitas ST2023 sektor peternakan',NULL),(223,'B-375/9300/SS-300/05/2023','1698114863_c6f7a91ed62909a2e9fd.pdf','Direktur Statistik Tanaman Pangan, Hortikultura, dan Perkebunan/Ketua Harian Tim Pelaksana ST2023 Badan Pusat Statistik','','2023-07-06',0,'2023-07-06 00:00:00','0000-00-00 00:00:00','Bincang-Bincang AGRO ST2023',NULL),(224,'B-052/35511/PR.400/07/2023','1698115007_b2b801e575c1d9111a5b.pdf','Kepala BPS Provinsi Jawa Timur','','2023-07-05',0,'2023-07-06 00:00:00','0000-00-00 00:00:00','Undangan Evaluasi Kinerja Pelaksanaan Anggaran',NULL),(225,'B-091/35560/VS.100/07/2023','1698115365_d03f3691eabdef32fe46.pdf','Kepala BPS Provinsi Jawa Timur','','2023-07-06',0,'2023-07-07 00:00:00','0000-00-00 00:00:00','Prelist Groundcheck SBR-QIS 2023 dan Penegasan Jumlah Petugas',NULL);
/*!40000 ALTER TABLE `letters` ENABLE KEYS */;
UNLOCK TABLES;

--
-- Table structure for table `migrations`
--

DROP TABLE IF EXISTS `migrations`;
/*!40101 SET @saved_cs_client     = @@character_set_client */;
/*!50503 SET character_set_client = utf8mb4 */;
CREATE TABLE `migrations` (
  `id` bigint unsigned NOT NULL AUTO_INCREMENT,
  `version` varchar(255) NOT NULL,
  `class` varchar(255) NOT NULL,
  `group` varchar(255) NOT NULL,
  `namespace` varchar(255) NOT NULL,
  `time` int NOT NULL,
  `batch` int unsigned NOT NULL,
  PRIMARY KEY (`id`)
) ENGINE=InnoDB AUTO_INCREMENT=4 DEFAULT CHARSET=utf8mb3;
/*!40101 SET character_set_client = @saved_cs_client */;

--
-- Dumping data for table `migrations`
--

LOCK TABLES `migrations` WRITE;
/*!40000 ALTER TABLE `migrations` DISABLE KEYS */;
INSERT INTO `migrations` VALUES (1,'2023-08-28-010806','App\\Database\\Migrations\\Users','default','App',1696303731,1),(2,'2023-08-28-010813','App\\Database\\Migrations\\Letter','default','App',1696303731,1),(3,'2023-09-03-131948','App\\Database\\Migrations\\Disposisi','default','App',1696303731,1);
/*!40000 ALTER TABLE `migrations` ENABLE KEYS */;
UNLOCK TABLES;

--
-- Table structure for table `users`
--

DROP TABLE IF EXISTS `users`;
/*!40101 SET @saved_cs_client     = @@character_set_client */;
/*!50503 SET character_set_client = utf8mb4 */;
CREATE TABLE `users` (
  `id` int NOT NULL AUTO_INCREMENT,
  `nama` varchar(100) NOT NULL,
  `username` varchar(25) NOT NULL,
  `password` varchar(50) NOT NULL,
  `role` varchar(10) NOT NULL DEFAULT 'staff',
  PRIMARY KEY (`id`),
  UNIQUE KEY `username` (`username`)
) ENGINE=InnoDB AUTO_INCREMENT=37 DEFAULT CHARSET=utf8mb3;
/*!40101 SET character_set_client = @saved_cs_client */;

--
-- Dumping data for table `users`
--

LOCK TABLES `users` WRITE;
/*!40000 ALTER TABLE `users` DISABLE KEYS */;
INSERT INTO `users` VALUES (1,'Ir. Arif Joko Sutejo, MM.','arifjs','rahasia1','kepala'),(2,'Addin Diyan Guritno, S.ST, MM.','addin','rahasia1','supervisor'),(3,'Henry Soeryaning Handoko, SST','henry','rahasia1','admin'),(4,'Ir. Muh. Sulaiman, M.Si','sulaiman','rahasia1','staff'),(5,'Muhammad Agung Zulkarnain, S.T.,MAP','agung','rahasia1','staff'),(6,'Supardi, S.Si, M.Ec.Dev.','supardi','rahasia1','staff'),(7,'Achmad Fariyanto, S.Si','achmad','rahasia1','staff'),(8,'Mia Mahera Maharani, SST','miamahera','rahasia1','staff'),(9,'Rahmat Hermawan, SST','rahmat','rahasia1','staff'),(10,'Tri Kurniawati, S.Stat, MM','kurniawati','rahasia1','staff'),(11,'Drs Dwi Asmoro Rujito','rujito','rahasia1','staff'),(12,'Dewi Mayasari S.Si, M.E','dewimaya','rahasia1','staff'),(13,'Penni Ristanti Wardhani, SST','penni','rahasia1','staff'),(14,'Addel Riva Salindeho, S.Mn, M.Si., M.Env.','addel','rahasia1','staff'),(15,'Titah Maulidyah, SST','titah','rahasia1','staff'),(16,'Debita Tejo Saputri, SST','debita','rahasia1','staff'),(17,'Dina Atika Rahmawati, SST','dina','rahasia1','staff'),(18,'Regina Devi Nindi Andini, SST','regina','rahasia1','staff'),(19,'Dewi Riska Setyaningrum, S.Tr.Stat.','dewiriska','rahasia1','staff'),(20,'Gatot Koeswadji','gatot','rahasia1','staff'),(21,'Nanang Hariyanto','nanang','rahasia1','staff'),(22,'Robi Firmanto','robi','rahasia1','staff'),(23,'Prapto Sujono','prapto','rahasia1','staff'),(24,'Noora Setia Yuswandita','noora','rahasia1','staff'),(25,'Arief Laksono','arief','rahasia1','staff'),(26,'Eko Wahyudi','ekowahyudi','rahasia1','staff'),(27,'Sukip Setiawan','sukip','rahasia1','staff'),(28,'Donny Purwanto','donny','rahasia1','staff'),(29,'Bella Sekar Yafie Saksiningtyas, A.Md.Stat.','bella','rahasia1','staff'),(30,'Bob Frans Five Saragih, A.Md','bobfrans','rahasia1','staff'),(31,'Misbakhul Munir','munir','rahasia1','staff'),(32,'Budi Sugiarto','budi','rahasia1','staff'),(33,'Mega Dwi Lestariana, S.Si','mega','rahasia1','staff'),(34,'Mega Ainu Sofa, A.P.Kb.N.','ainu','rahasia1','operator'),(35,'Fifi','fifi','rahasia1','operator'),(36,'Admin','admin','admin3514','admin');
/*!40000 ALTER TABLE `users` ENABLE KEYS */;
UNLOCK TABLES;
/*!40103 SET TIME_ZONE=@OLD_TIME_ZONE */;

/*!40101 SET SQL_MODE=@OLD_SQL_MODE */;
/*!40014 SET FOREIGN_KEY_CHECKS=@OLD_FOREIGN_KEY_CHECKS */;
/*!40014 SET UNIQUE_CHECKS=@OLD_UNIQUE_CHECKS */;
/*!40101 SET CHARACTER_SET_CLIENT=@OLD_CHARACTER_SET_CLIENT */;
/*!40101 SET CHARACTER_SET_RESULTS=@OLD_CHARACTER_SET_RESULTS */;
/*!40101 SET COLLATION_CONNECTION=@OLD_COLLATION_CONNECTION */;
/*!40111 SET SQL_NOTES=@OLD_SQL_NOTES */;

-- Dump completed on 2023-10-24 15:59:26
